"Client Name","ID","Description","Assigned User","Assigned To","Date Created","Date Modified","Created By","Modified By","Deleted","primary contact (related  ID)","Client Type","City","Address Line 1","Address Line 2","Postal Code","Province","Phone","Fax","no_employees","Website","ddd","Client Type","Legal Form of Business","Number of Employees","Industry Sector","Years in Business","Organization Type","Goverment","Country","Email","Extension","NAICS Code","Modified By Name","modified_by_name_owner","modified_by_name_mod","Created By","created_by_name_owner","created_by_name_mod","assigned_user_name_owner","assigned_user_name_mod","Primary Contact"
"Koocanusa Publications","10012cb6-8642-15b1-2a10-537cffefd2fd","","admin","1","05/21/2014 12:33 pm","05/21/2014 12:33 pm","1","1","0","","business_research_support","Cranbrook","Suite 100, 100 - 7th Ave. S. Cranbrook, BC V1C 2J4","","V1C 2J4","B.C.","250-426-9256","","1","","","company","corporation","1","agriculture_fish_wildlife","","for_profit_organization_private","federal","Canada","","","","admin","","Users","admin","","Users","","Users",""
"Heron Ridge Winery","10b9164d-2402-aa3f-aec9-537cff47deef","","admin","1","05/21/2014 12:33 pm","05/21/2014 12:33 pm","1","1","0","","business_research_support","Thrums","Highway # 2A Thrums, BC","","","B.C.","250-878-0200","","1","","","company","corporation","1","agriculture_fish_wildlife","","for_profit_organization_private","federal","Canada","","","","admin","","Users","admin","","Users","","Users",""
"Retallack Lodge and Cat Skiing","11c4f3ce-081f-51e6-5c60-537cffb85e1a","","admin","1","05/21/2014 12:33 pm","05/21/2014 12:33 pm","1","1","0","","business_research_support","New Denver","P.O. Box 147, New Denver, BC V0G 1S0","","V0G 1S0","B.C.","250-551-2835","","1","","","company","corporation","1","agriculture_fish_wildlife","","for_profit_organization_private","federal","Canada","","","","admin","","Users","admin","","Users","","Users",""
"Betty Fahlman Studio","1221c640-8025-9c11-7f33-537cffb41145","","admin","1","05/21/2014 12:33 pm","05/21/2014 12:33 pm","1","1","0","","business_research_support","Nakusp","140 Alexander Road, Nakusp, B.C. V0G 1R1","","V0G 1R1","B.C.","250-265-4636","","1","","","company","corporation","1","agriculture_fish_wildlife","","for_profit_organization_private","federal","Canada","","","","admin","","Users","admin","","Users","","Users",""
"Cindy Alblas - no business name","15ceec07-8751-0659-9b86-537cffb1ad61","","admin","1","05/21/2014 12:33 pm","05/21/2014 12:33 pm","1","1","0","","business_research_support","","81 Park Rd","","","B.C.","","","1","","","company","corporation","1","agriculture_fish_wildlife","","for_profit_organization_private","federal","Canada","","","","admin","","Users","admin","","Users","","Users",""
"Powder Springs","18d5f951-1243-65d5-06be-537cffdf0d8b","","admin","1","05/21/2014 12:33 pm","05/21/2014 12:33 pm","1","1","0","","business_research_support","Revelstoke","200 Third Street, Box 530, Revelstoke, BC V0E 2S0","","V0E 2S0","B.C.","","","1","","","company","corporation","1","agriculture_fish_wildlife","","for_profit_organization_private","federal","Canada","manager.powdersprings@revelstoke.net","","","admin","","Users","admin","","Users","","Users",""
"WESCO","18e44b0d-6805-9b65-f65d-537cff5bcad5","","admin","1","05/21/2014 12:33 pm","05/21/2014 12:33 pm","1","1","0","","business_research_support","Castlegar","2328 Â 6th Ave. Castlegar, BC V1N 3L1","","V1N 3L1","B.C.","250-365-0545","","1","","","company","corporation","1","agriculture_fish_wildlife","","for_profit_organization_private","federal","Canada","","","","admin","","Users","admin","","Users","","Users",""
"Dog Tooth Logging and Timbers","197c0fc5-220e-acce-46c4-537cffbf9e90","","admin","1","05/21/2014 12:33 pm","05/21/2014 12:33 pm","1","1","0","","business_research_support","","","","","B.C.","250-344-3992","","1","","","company","corporation","1","agriculture_fish_wildlife","","for_profit_organization_private","federal","Canada","","","","admin","","Users","admin","","Users","","Users",""
"Spiritwood Cards, Baubles & Tunes","19d7272b-60d0-a177-6797-537cff2e4355","","admin","1","05/21/2014 12:33 pm","05/21/2014 12:33 pm","1","1","0","","business_research_support","Nakusp","88 5th Ave, Nakusp V0G 1R0","","V0G 1R0","B.C.","250-265-0083","","1","","","company","corporation","1","agriculture_fish_wildlife","","for_profit_organization_private","federal","Canada","","","","admin","","Users","admin","","Users","","Users",""
"BDO Dunwoody, Cas","1c600986-cb34-f890-01d9-537cffc19ef8","","admin","1","05/21/2014 12:33 pm","05/21/2014 12:33 pm","1","1","0","","business_research_support","Revelstoke","Suite 202 - 103 East 1st Stree, Revelstoke, BC V0E 2S0","","V0E 2S0","B.C.","","","1","","","company","corporation","1","agriculture_fish_wildlife","","for_profit_organization_private","federal","Canada","","","","admin","","Users","admin","","Users","","Users",""
"Global Fruit","1ceaadac-2291-33c5-3972-537cffd50c95","","admin","1","05/21/2014 12:33 pm","05/21/2014 12:33 pm","1","1","0","","business_research_support","Creston","PO Box 155, Creston, BC, V0B 1G0","","V0B 1G0","B.C.","250-428-2320","","1","","","company","corporation","1","agriculture_fish_wildlife","","for_profit_organization_private","federal","Canada","","","","admin","","Users","admin","","Users","","Users",""
"Nakusp Village Council","1d3776d0-d4bb-3771-fe60-537cffa7d1b2","","admin","1","05/21/2014 12:33 pm","05/21/2014 12:33 pm","1","1","0","","business_research_support","Nakusp","91-1st Street POBox 280, Nakusp BC","","","B.C.","250-265-3689","","1","","","company","corporation","1","agriculture_fish_wildlife","","for_profit_organization_private","federal","Canada","","","","admin","","Users","admin","","Users","","Users",""
"Tradewind Books","1d844527-ec17-4197-a5dc-537cffd8b5c8","","admin","1","05/21/2014 12:33 pm","05/21/2014 12:33 pm","1","1","0","","business_research_support","Trail","420 Olivia CrescentTrail, BC V1R 1A7","","V1R 1A7","B.C.","","","1","","","company","corporation","1","agriculture_fish_wildlife","","for_profit_organization_private","federal","Canada","ricki_ewings@yahoo.ca","","","admin","","Users","admin","","Users","","Users",""
"Kootenay Alpine Cheese","1fdfd038-ec9a-a959-8f9e-537cffac82b8","","admin","1","05/21/2014 12:33 pm","05/21/2014 12:33 pm","1","1","0","","business_research_support","","","","","B.C.","","","1","","","company","corporation","1","agriculture_fish_wildlife","","for_profit_organization_private","federal","Canada","","","","admin","","Users","admin","","Users","","Users",""
"Hosting Nation","2114ce51-07d6-1a83-2137-537cff2abc60","","admin","1","05/21/2014 12:33 pm","05/21/2014 12:33 pm","1","1","0","","business_research_support","Parksville","#10-1176 Franklin's Gull Road, Parksville","","","B.C.","","","1","","","company","corporation","1","agriculture_fish_wildlife","","for_profit_organization_private","federal","Canada","erik@hostingnation.ca jeff@hostingnation.ca","","","admin","","Users","admin","","Users","","Users",""
"Retro CafÃ©","229db3f5-ab11-34bc-31b3-537cff48a7af","","admin","1","05/21/2014 12:33 pm","05/21/2014 12:33 pm","1","1","0","","business_research_support","Creston","1431 Northwest Blvd RR 6, Creston, BC V0BÂ 1G6","","V0BÂ 1G6","B.C.","250-428-2726","","1","","","company","corporation","1","agriculture_fish_wildlife","","for_profit_organization_private","federal","Canada","","","","admin","","Users","admin","","Users","","Users",""
"Blue Mountain Lodge","22bc0c0e-607c-58b6-d6ad-537cffb68797","","admin","1","05/21/2014 12:33 pm","05/21/2014 12:33 pm","1","1","0","","business_research_support","Christina Lake","81 Kingsley Road, Christina Lake","","","B.C.","250-448-6238","","1","","","company","corporation","1","agriculture_fish_wildlife","","for_profit_organization_private","federal","Canada","bluemountainlodge@hotmail.com","","","admin","","Users","admin","","Users","","Users",""
"Clean-Scene Disaster","26692913-b88b-65d6-ec38-537cffc07875","","admin","1","05/21/2014 12:33 pm","05/21/2014 12:33 pm","1","1","0","","business_research_support","Castlegar","#4, 4640 Minto Rd. Castlegar, BC V1N 4B3","","V1N 4B3","B.C.","250-366-2333","","1","","","company","corporation","1","agriculture_fish_wildlife","","for_profit_organization_private","federal","Canada","","","","admin","","Users","admin","","Users","","Users",""
"Quality Bakery","28f33e7b-164c-2e7e-ae32-537cffa4aedb","","admin","1","05/21/2014 12:33 pm","05/21/2014 12:33 pm","1","1","0","","business_research_support","Invermere","1305 7th Avenue Invermere, BC V0A 1K0","","V0A 1K0","B.C.","250-342-4422","","1","","","company","corporation","1","agriculture_fish_wildlife","","for_profit_organization_private","federal","Canada","","","","admin","","Users","admin","","Users","","Users",""
"Western Aviation Services Ltd.","297e855c-7196-14f6-cbcb-537cff894538","","admin","1","05/21/2014 12:33 pm","05/21/2014 12:33 pm","1","1","0","","business_research_support","Grand Forks","#309, 5980-2nd Street, Grand Forks","","","B.C.","250-442-8616","","1","","","company","corporation","1","agriculture_fish_wildlife","","for_profit_organization_private","federal","Canada","ron@westav.ca","","","admin","","Users","admin","","Users","","Users",""
"Downie Lumber","2a164bb9-2f3e-182f-679f-537cff541f4d","","admin","1","05/21/2014 12:33 pm","05/21/2014 12:33 pm","1","1","0","","business_research_support","Revelstoke","1631 Mill St., Box 800, Revelstoke, BC V0E 2S0","","V0E 2S0","B.C.","","","1","","","company","corporation","1","agriculture_fish_wildlife","","for_profit_organization_private","federal","Canada","asmythe@downietimber.com","","","admin","","Users","admin","","Users","","Users",""
"Sprouler's Enterprises Ltd.","2a716958-6868-ba95-5478-537cff1fc9c2","","admin","1","05/21/2014 12:33 pm","05/21/2014 12:33 pm","1","1","0","","business_research_support","Nelson","509A Lake Street, Nelson","","","B.C.","250-352-7900","","1","","","company","corporation","1","agriculture_fish_wildlife","","for_profit_organization_private","federal","Canada","sel@netidea.com","","","admin","","Users","admin","","Users","","Users",""
"Monashee Lodge","2d580836-61f9-0e58-484a-537cff89647a","","admin","1","05/21/2014 12:33 pm","05/21/2014 12:33 pm","1","1","0","","business_research_support","Revelstoke","1601 W 3rd Street, Revelstoke","","","B.C.","250-837-6778","","1","","","company","corporation","1","agriculture_fish_wildlife","","for_profit_organization_private","federal","Canada","","","","admin","","Users","admin","","Users","","Users",""
"Globus Innovations Group","2d84eff8-9677-f9f8-a11b-537cff79761d","","admin","1","05/21/2014 12:33 pm","05/21/2014 12:33 pm","1","1","0","","business_research_support","","","","","B.C.","250-344-4846","","1","","","company","corporation","1","agriculture_fish_wildlife","","for_profit_organization_private","federal","Canada","","","","admin","","Users","admin","","Users","","Users",""
"Trail & District Chamber of Commerce","2e1e8e6b-5e69-9495-e1e2-537cff3887f8","","admin","1","05/21/2014 12:33 pm","05/21/2014 12:33 pm","1","1","0","","business_research_support","Montrose","Box 600Montrose, BC V0G 1P0","","V0G 1P0","B.C.","","","1","","","company","corporation","1","agriculture_fish_wildlife","","for_profit_organization_private","federal","Canada","tcoc@netidea.com","","","admin","","Users","admin","","Users","","Users",""
"Refinery Day Spa","30b0031e-83d7-0437-609b-537cffcbdb5a","","admin","1","05/21/2014 12:33 pm","05/21/2014 12:33 pm","1","1","0","","business_research_support","Revelstoke","202-217 MacKenzie Ave., Revelstoke, BC V0E 2S3","","V0E 2S3","B.C.","","","1","","","company","corporation","1","agriculture_fish_wildlife","","for_profit_organization_private","federal","Canada","refdspa@telus.net","","","admin","","Users","admin","","Users","","Users",""
"Kootenay Industrial Supply","30b89f63-7f66-c69b-22d6-537cffa62a46","","admin","1","05/21/2014 12:33 pm","05/21/2014 12:33 pm","1","1","0","","business_research_support","Nelson","323 Vernon St. Nelson, BC V1L 4E3","","V1L 4E3","B.C.","250-352-5301","","1","","","company","corporation","1","agriculture_fish_wildlife","","for_profit_organization_private","federal","Canada","","","","admin","","Users","admin","","Users","","Users",""
"Nelson Floors","317b479f-fb27-6bd4-dc10-537cffcf1548","","admin","1","05/21/2014 12:33 pm","05/21/2014 12:33 pm","1","1","0","","business_research_support","Nelson","320 Vernon St. Nelson, BC V1L 4E4","","V1L 4E4","B.C.","250-352-6368","","1","","","company","corporation","1","agriculture_fish_wildlife","","for_profit_organization_private","federal","Canada","","","","admin","","Users","admin","","Users","","Users",""
"Howse Business Solutions","31af05f3-41ca-cebd-53cb-537cff0a66f9","","admin","1","05/21/2014 12:33 pm","05/21/2014 12:33 pm","1","1","0","","business_research_support","Rossland","Box 2134Rossland, BC V0G 1Y0","","V0G 1Y0","B.C.","","","1","","","company","corporation","1","agriculture_fish_wildlife","","for_profit_organization_private","federal","Canada","howsebusinesssolutions@gmail.com","","","admin","","Users","admin","","Users","","Users",""
"Bon Marche Dollar Dollar","32d94c61-0352-bdac-a34e-537cff9e2f38","","admin","1","05/21/2014 12:33 pm","05/21/2014 12:33 pm","1","1","0","","business_research_support","Nakusp","416 Broadway, Nakusp, B.C.","","","B.C.","250-265-3644","","1","","","company","corporation","1","agriculture_fish_wildlife","","for_profit_organization_private","federal","Canada","","","","admin","","Users","admin","","Users","","Users",""
"Revelstoke Chamber of Commerce & Visitor Centre","32f977fc-b77c-60f9-e88e-537cfffc38dd","","admin","1","05/21/2014 12:33 pm","05/21/2014 12:33 pm","1","1","0","","business_research_support","Revelstoke","204 Campbell Avenue, Revelstoke","","","B.C.","250-537-5345","","1","","","company","corporation","1","agriculture_fish_wildlife","","for_profit_organization_private","federal","Canada","info@revelstokechamber.com","","","admin","","Users","admin","","Users","","Users",""
"811309 NWT LTD","3352bda0-bd18-5f61-e0f3-537cff6a590c","","admin","1","05/21/2014 12:33 pm","05/21/2014 12:33 pm","1","1","0","","business_research_support","Nakusp","185 Donnelly's Rd, Nakusp, B.C. V0G 1R1","","V0G 1R1","B.C.","250-265-7451","","1","","","company","corporation","1","agriculture_fish_wildlife","","for_profit_organization_private","federal","Canada","","","","admin","","Users","admin","","Users","","Users",""
"Columbia Basin Trust","353a0af8-1a08-a8d5-f72f-537f6957d111","","admin","1","05/23/2014 08:29 am","05/23/2014 08:29 am","1","1","0","","business_research_support","","","","","","","","1","","","company","corporation","1","agriculture_fish_wildlife","","for_profit_organization_private","federal","Canada","","","","admin","","Users","admin","","Users","","Users",""
"CMI Conference (names not released)","36c4e497-db3c-f51e-3c41-537cffe0a8af","","admin","1","05/21/2014 12:33 pm","05/21/2014 12:33 pm","1","1","0","","business_research_support","","n/a","","","B.C.","","","1","","","company","corporation","1","agriculture_fish_wildlife","","for_profit_organization_private","federal","Canada","","","","admin","","Users","admin","","Users","","Users",""
"Quality Property Investments / Raising Entrepreneurs","394ef442-3f73-7263-c4b5-537cfff77e4d","","admin","1","05/21/2014 12:33 pm","05/21/2014 12:33 pm","1","1","0","","business_research_support","Castlegar","1687 Ridgewood Drive, Castlegar BC, V1N 1T3","","V1N 1T3","B.C.","250-365-3930","","1","","","company","corporation","1","agriculture_fish_wildlife","","for_profit_organization_private","federal","Canada","","","","admin","","Users","admin","","Users","","Users",""
"White Bark  Consulting","39da42da-27ec-fa4c-a8b1-537cffa09adf","","admin","1","05/21/2014 12:33 pm","05/21/2014 12:33 pm","1","1","0","","business_research_support","Castlegar","150 Suncrest Rd., Castlegar, BC, V1N4T5","","V1N 4T5","B.C.","250-505-2669","","1","","","company","corporation","1","agriculture_fish_wildlife","","for_profit_organization_private","federal","Canada","","","","admin","","Users","admin","","Users","","Users",""
"D-Pace","3a7200d6-7f11-6d8f-52cd-537cff11bed9","","admin","1","05/21/2014 12:33 pm","05/21/2014 12:33 pm","1","1","0","","business_research_support","","","","","B.C.","","","1","","","company","corporation","1","agriculture_fish_wildlife","","for_profit_organization_private","federal","Canada","","","","admin","","Users","admin","","Users","","Users",""
"ssss","3acd24d5-039b-b70a-bcd4-537cffaf5b49","","admin","1","05/21/2014 12:33 pm","05/21/2014 12:33 pm","1","1","0","","business_research_support","ssss","ssss","","ssss","B.C.","","","1","","","company","corporation","1","agriculture_fish_wildlife","","for_profit_organization_private","federal","Canada","ssss","","","admin","","Users","admin","","Users","","Users",""
"GML Productions","3de0aa0a-bd15-f571-def5-537cff81cad8","","admin","1","05/21/2014 12:33 pm","05/21/2014 12:33 pm","1","1","0","","business_research_support","Trail","2480 Colin CrescentTrail, BC V1R 4T4","","V1R 4T4","B.C.","","","1","","","company","corporation","1","agriculture_fish_wildlife","","for_profit_organization_private","federal","Canada","glorenzi@live.com","","","admin","","Users","admin","","Users","","Users",""
"Trail Association for Community Living","3e7a44fd-3b85-2bb8-1965-537cff735368","","admin","1","05/21/2014 12:33 pm","05/21/2014 12:33 pm","1","1","0","","business_research_support","Trail","1565 Bay AvenueTrail, BC V1R 4B2","","V1R 4B2","B.C.","","","1","","","company","corporation","1","agriculture_fish_wildlife","","for_profit_organization_private","federal","Canada","tacl2@telus.net","","","admin","","Users","admin","","Users","","Users",""
"Kootenay Innovative Woods","41145f8e-0036-552a-cd9b-537cff87ccf1","","admin","1","05/21/2014 12:33 pm","05/21/2014 12:33 pm","1","1","0","","business_research_support","South Slocan","P.O. Box 130 3020 South Slocan Station Rd. South Slocan, BC V0G 2G0","","V0G 2G0","B.C.","250-304-4488","","1","","","company","corporation","1","agriculture_fish_wildlife","","for_profit_organization_private","federal","Canada","","","","admin","","Users","admin","","Users","","Users",""
"North Columbia Environmental Society","42540efa-13a2-8467-bf90-537cffbbe60f","","admin","1","05/21/2014 12:33 pm","05/21/2014 12:33 pm","1","1","0","","business_research_support","Revelstoke","Box 3116, Revelstoke, BC V0E 2S0","","V0E 2S0","B.C.","","","1","","","company","corporation","1","agriculture_fish_wildlife","","for_profit_organization_private","federal","Canada","","","","admin","","Users","admin","","Users","","Users",""
"Bruno Long Photography","43350da6-31f2-1d01-6496-537cff256036","","admin","1","05/21/2014 12:33 pm","05/21/2014 12:33 pm","1","1","0","","business_research_support","","N/A","","","B.C.","","","1","","","company","corporation","1","agriculture_fish_wildlife","","for_profit_organization_private","federal","Canada","","","","admin","","Users","admin","","Users","","Users",""
"Revelstoke Gateway Inn","43d22187-662b-4eaa-dc4d-537cffe40010","","admin","1","05/21/2014 12:33 pm","05/21/2014 12:33 pm","1","1","0","","business_research_support","Revelstoke","1500 First Street W, Revelstoke","","","B.C.","250-837-2164","","1","","","company","corporation","1","agriculture_fish_wildlife","","for_profit_organization_private","federal","Canada","","","","admin","","Users","admin","","Users","","Users",""
"HR Pacific","45f2d05d-765e-d30f-745b-537cff06ab12","","admin","1","05/21/2014 12:33 pm","05/21/2014 12:33 pm","1","1","0","","business_research_support","","","","","B.C.","250-272-5100","","1","","","company","corporation","1","agriculture_fish_wildlife","","for_profit_organization_private","federal","Canada","","","","admin","","Users","admin","","Users","","Users",""
"College of the Rockies","475f2747-06f3-7217-4acf-537cff6aef5f","","admin","1","05/21/2014 12:33 pm","05/21/2014 12:33 pm","1","1","0","","business_research_support","Creston","301 16th Avenue, Creston","","","B.C.","","","1","","","company","corporation","1","agriculture_fish_wildlife","","for_profit_organization_private","federal","Canada","250-428-5332ktompkins@cotr.bc.ca","","","admin","","Users","admin","","Users","","Users",""
"Rambling Rose Tissue Massage","49e93c1f-2dfe-fb3b-58d4-537cff5eac68","","admin","1","05/21/2014 12:33 pm","05/21/2014 12:33 pm","1","1","0","","business_research_support","New Denver","RR1, S-2, C-40, New Denver, B.C. V0G 1S1","","V0G 1S1","B.C.","250-358-2642","","1","","","company","corporation","1","agriculture_fish_wildlife","","for_profit_organization_private","federal","Canada","","","","admin","","Users","admin","","Users","","Users",""
"Wildways","4a74873b-cd11-343b-700e-537cffe91526","","admin","1","05/21/2014 12:33 pm","05/21/2014 12:33 pm","1","1","0","","business_research_support","Christina Lake","1925 Highway 3, Christina Lake","","","B.C.","250-447-6561","","1","","","company","corporation","1","agriculture_fish_wildlife","","for_profit_organization_private","federal","Canada","bob@wildways.com","","","admin","","Users","admin","","Users","","Users",""
"Steenkamp Farms","4b28d447-271c-3e92-d157-537cffe5cb6d","","admin","1","05/21/2014 12:33 pm","05/21/2014 12:33 pm","1","1","0","","business_research_support","","639 33rd ave S","","","B.C.","250-254-1584","","1","","","company","corporation","1","agriculture_fish_wildlife","","for_profit_organization_private","federal","Canada","","","","admin","","Users","admin","","Users","","Users",""
"Drop Designs","4b4ac728-b597-6dcb-2bbc-537cfff65ed1","","admin","1","05/21/2014 12:33 pm","05/21/2014 12:33 pm","1","1","0","","business_research_support","South Slocan","2775 Fir St, South Slocan, BC","","","B.C.","250.359.2971","","1","","","company","corporation","1","agriculture_fish_wildlife","","for_profit_organization_private","federal","Canada","","","","admin","","Users","admin","","Users","","Users",""
"Gold Guild Geological","4e7aea5b-4756-3d0d-6464-537cff03e2fb","","admin","1","05/21/2014 12:33 pm","05/21/2014 12:33 pm","1","1","0","","business_research_support","Rossland","Box 562 Rossland, BC V0G 1Y0","","V0G 1Y0","B.C.","250-362-9023","","1","","","company","corporation","1","agriculture_fish_wildlife","","for_profit_organization_private","federal","Canada","","","","admin","","Users","admin","","Users","","Users",""
"Across the Board Creations","4ee9975f-b71a-cf33-a2e8-537cffd2aff2","","admin","1","05/21/2014 12:33 pm","05/30/2014 08:47 am","1","1","0","14c80191-6bd7-4f11-3d9b-537d0d95e468","business_research_support","Wynndel","5030 Duck Creek Rd. Wynndel, BC V0B 2N2","","V0B 2N2","B.C.","250.866.5757","","1","http://","","company","corporation","1","agriculture_fish_wildlife","","for_profit_organization_private","federal","Canada","","","","admin","","Users","admin","","Users","","Users","David Ratzlaff"
"True North Forestry","4f148d60-c1e0-f4f7-f2f3-537cff214240","","admin","1","05/21/2014 12:33 pm","05/21/2014 12:33 pm","1","1","0","","business_research_support","Nakusp","119 Broadway, Nakusp, BC, V0G 1R0","","V0G 1R0","B.C.","1-250-265-36","","1","","","company","corporation","1","agriculture_fish_wildlife","","for_profit_organization_private","federal","Canada","h.watt@truenorthforestry.com","","","admin","","Users","admin","","Users","","Users",""
"Kootenay Meadows","51ae9258-419a-1789-e632-537cff29b217","","admin","1","05/21/2014 12:33 pm","05/21/2014 12:33 pm","1","1","0","","business_research_support","Creston","3071 16th Street, Creston","","","B.C.","1-250-428-96","","1","","","company","corporation","1","agriculture_fish_wildlife","","for_profit_organization_private","federal","Canada","info@kootenayalpinecheese.com","","","admin","","Users","admin","","Users","","Users",""
"NRG Enterprises","52ee4b6a-27ec-05bf-8bbb-537cffe49487","","admin","1","05/21/2014 12:33 pm","05/21/2014 12:33 pm","1","1","0","","business_research_support","Nelson","508A Latimer Street, Nelson","","","B.C.","","","1","","","company","corporation","1","agriculture_fish_wildlife","","for_profit_organization_private","federal","Canada","1-800-665-4362ramin@nrgenterprises.com","","","admin","","Users","admin","","Users","","Users",""
"Christina Lake Stewardship Society","534a057d-0813-2317-b755-537cffbf6fd0","","admin","1","05/21/2014 12:33 pm","05/21/2014 12:33 pm","1","1","0","","business_research_support","","1632 West Lake Dr","","","B.C.","","","1","","","company","corporation","1","agriculture_fish_wildlife","","for_profit_organization_private","federal","Canada","","","","admin","","Users","admin","","Users","","Users",""
"Buffalo Trails","540dc9f9-fb4b-eb95-d604-537cff3fd5e9","","admin","1","05/21/2014 12:33 pm","05/21/2014 12:33 pm","1","1","0","","business_research_support","Creston","1215 Canyon St, Creston, BC V0B 1G0","","V0B 1G0","B.C.","250-428-5730","","1","","","company","corporation","1","agriculture_fish_wildlife","","for_profit_organization_private","federal","Canada","","","","admin","","Users","admin","","Users","","Users",""
"Rock Island RV","546c6c97-f57b-9e3d-4c68-537cff59b545","","admin","1","05/21/2014 12:33 pm","05/21/2014 12:33 pm","1","1","0","","business_research_support","Trail","8023 Old Waneta Rd. Trail, BC","","","B.C.","888-817-2323","","1","","","company","corporation","1","agriculture_fish_wildlife","","for_profit_organization_private","federal","Canada","","","","admin","","Users","admin","","Users","","Users",""
"Intermountain Engineering","56cb99f6-0abf-e822-8bc8-537cff4e0e9c","","admin","1","05/21/2014 12:33 pm","05/21/2014 12:33 pm","1","1","0","","business_research_support","Rossland","Box 562 Rossland, BC V0G 1Y0","","V0G 1Y0","B.C.","250-352-7312","","1","","","company","corporation","1","agriculture_fish_wildlife","","for_profit_organization_private","federal","Canada","","","","admin","","Users","admin","","Users","","Users",""
"Cook Shoppe","57f96028-ad2d-7392-7f99-537cfff41de7","","admin","1","05/21/2014 12:33 pm","05/21/2014 12:33 pm","1","1","0","","business_research_support","Trail","1108 Marianna CrescentTrail, BC V1R 1C7","","V1R 1C7","B.C.","","","1","","","company","corporation","1","agriculture_fish_wildlife","","for_profit_organization_private","federal","Canada","pollyden@shaw.ca","","","admin","","Users","admin","","Users","","Users",""
"RCI Construction and Design","5a44f859-5430-3ad6-0b49-537cff0b8bcd","","admin","1","05/21/2014 12:33 pm","05/21/2014 12:33 pm","1","1","0","","business_research_support","","","","","B.C.","","","1","","","company","corporation","1","agriculture_fish_wildlife","","for_profit_organization_private","federal","Canada","","","","admin","","Users","admin","","Users","","Users",""
"Williamson Lake Campground","5ad03b71-ce43-f80d-93f6-537cffe01cf2","","admin","1","05/21/2014 12:33 pm","05/21/2014 12:33 pm","1","1","0","","business_research_support","Revelstoke","1817 Williamson Lake Road, Revelstoke, V0E 2S0","","V0E 2S0","B.C.","","","1","","","company","corporation","1","agriculture_fish_wildlife","","for_profit_organization_private","federal","Canada","","","","admin","","Users","admin","","Users","","Users",""
"Dueling Oaks Restaurant","5ba68523-325f-0b2b-34c6-537cff20a892","","admin","1","05/21/2014 12:33 pm","05/21/2014 12:33 pm","1","1","0","","business_research_support","","282 2nd Ave","","","B.C.","","","1","","","company","corporation","1","agriculture_fish_wildlife","","for_profit_organization_private","federal","Canada","","","","admin","","Users","admin","","Users","","Users",""
"Strand & Godfrey Appraisals Ltd.","5bc31fcd-5cc1-adbc-65a8-537cff237ede","","admin","1","05/21/2014 12:33 pm","05/21/2014 12:33 pm","1","1","0","","business_research_support","Castlegar","903B 4th Street, Castlegar","","","B.C.","","","1","","","company","corporation","1","agriculture_fish_wildlife","","for_profit_organization_private","federal","Canada","","","","admin","","Users","admin","","Users","","Users",""
"Grand Forks Chamber of Commerce","5f152c28-4d8e-1ef0-3c79-537cffb7894e","","admin","1","05/21/2014 12:33 pm","05/21/2014 12:33 pm","1","1","0","","business_research_support","Grand Forks","1647 Central Ave. Grand Forks, BC V0H 1H0","","V0H 1H0","B.C.","250-442-2722","","1","","","company","corporation","1","agriculture_fish_wildlife","","for_profit_organization_private","federal","Canada","","","","admin","","Users","admin","","Users","","Users",""
"Amec","5f455e19-b5e2-1b4c-ae8f-537cfff39acf","","admin","1","05/21/2014 12:33 pm","05/21/2014 12:33 pm","1","1","0","","business_research_support","Nelson","203 Â 601 Front St. Nelson, BC V1L 4B6","","V1L 4B6","B.C.","250-354-1601","","1","","","company","corporation","1","agriculture_fish_wildlife","","for_profit_organization_private","federal","Canada","","","","admin","","Users","admin","","Users","","Users",""
"Two Scoop Steves Ice Cream","5f703c3a-0da3-89b7-2861-537cfffffbd8","","admin","1","05/21/2014 12:33 pm","05/21/2014 12:33 pm","1","1","0","","business_research_support","Yahk","BOX 55 Yahk BC, V0B 2P0","","V0B 2P0","B.C.","250-424-5166","","1","","","company","corporation","1","agriculture_fish_wildlife","","for_profit_organization_private","federal","Canada","","","","admin","","Users","admin","","Users","","Users",""
"Kootenay Spice","620a532f-377a-8ec4-307a-537cffdcac32","","admin","1","05/21/2014 12:33 pm","05/21/2014 12:33 pm","1","1","0","","business_research_support","Trail","224 First AvenueTrail, BC V1R 4V2","","V1R 4V2","B.C.","","","1","","","company","corporation","1","agriculture_fish_wildlife","","for_profit_organization_private","federal","Canada","info@kootenayspice.com","","","admin","","Users","admin","","Users","","Users",""
"Canadian Timberframes","64697ef5-ff9d-3710-9b68-537cff5aecd8","","admin","1","05/21/2014 12:33 pm","05/21/2014 12:33 pm","1","1","0","","business_research_support","","","","","B.C.","1-877-348-99","","1","","","company","corporation","1","agriculture_fish_wildlife","","for_profit_organization_private","federal","Canada","","","","admin","","Users","admin","","Users","","Users",""
"Rocky Mtn Printers","6506a8a8-9b09-df08-f83e-537cff03bc8b","","admin","1","05/21/2014 12:33 pm","05/21/2014 12:33 pm","1","1","0","","business_research_support","Cranbrook","42-8th Avenue South Cranbrook, BC V1C 2K3","","V1C 2K3","B.C.","250-581-0959","","1","","","company","corporation","1","agriculture_fish_wildlife","","for_profit_organization_private","federal","Canada","","","","admin","","Users","admin","","Users","","Users",""
"Okanagan College","65f98f28-a6e0-cbda-467e-537cffee5f31","","admin","1","05/21/2014 12:33 pm","05/21/2014 12:33 pm","1","1","0","","business_research_support","Revelstoke","PO Box 3118, Revelstoke, BC V0E 2S0","","V0E 2S0","B.C.","","","1","","","company","corporation","1","agriculture_fish_wildlife","","for_profit_organization_private","federal","Canada","RMyers@okanagan.bc.ca","","","admin","","Users","admin","","Users","","Users",""
"International Timberframes","67275959-b47e-29e2-e55b-537cff25e593","","admin","1","05/21/2014 12:33 pm","05/21/2014 12:33 pm","1","1","0","","business_research_support","","","","","B.C.","250-344-1067","","1","","","company","corporation","1","agriculture_fish_wildlife","","for_profit_organization_private","federal","Canada","","","","admin","","Users","admin","","Users","","Users",""
"Creston AG Society","6893a5f3-5568-1114-83ad-537cff2821da","","admin","1","05/21/2014 12:33 pm","05/21/2014 12:33 pm","1","1","0","","business_research_support","Creston","Box 67, Creston","","","B.C.","1-250-428-29","","1","","","company","corporation","1","agriculture_fish_wildlife","","for_profit_organization_private","federal","Canada","","","","admin","","Users","admin","","Users","","Users",""
"Real Food CafÃ©","6b1da2e5-1a17-1746-5209-537cff848a4d","","admin","1","05/21/2014 12:33 pm","05/21/2014 12:33 pm","1","1","0","","business_research_support","Creston","223 10 Ave N, Creston, BC V0BÂ 1G4","","V0BÂ 1G4","B.C.","250-428-8882","","1","","","company","corporation","1","agriculture_fish_wildlife","","for_profit_organization_private","federal","Canada","","","","admin","","Users","admin","","Users","","Users",""
"Echo Oils","6c40ce1f-cd5d-b84f-daac-537cff56c642","","admin","1","05/21/2014 12:33 pm","05/21/2014 12:33 pm","1","1","0","","business_research_support","Christina Lake","2148 Haaglund Rd Christina Lake","","","B.C.","","","1","","","company","corporation","1","agriculture_fish_wildlife","","for_profit_organization_private","federal","Canada","","","","admin","","Users","admin","","Users","","Users",""
"Sufferfest","6c5d5c98-505b-6549-690e-537cffe19b76","","admin","1","05/21/2014 12:33 pm","05/21/2014 12:33 pm","1","1","0","","business_research_support","Nakusp","94 4th Ave, Nakusp B.C. V0G 1R0","","V0G 1R0","B.C.","250-265-8707","","1","","","company","corporation","1","agriculture_fish_wildlife","","for_profit_organization_private","federal","Canada","","","","admin","","Users","admin","","Users","","Users",""
"Grassroots Property Care","6faf6d59-e4cc-1b83-35a9-537cff10c497","","admin","1","05/21/2014 12:33 pm","05/21/2014 12:33 pm","1","1","0","","business_research_support","Christina Lake","Box 405, Christina Lake","","","B.C.","250-447-7644","","1","","","company","corporation","1","agriculture_fish_wildlife","","for_profit_organization_private","federal","Canada","grassrootspropertycare@outlook.com","","","admin","","Users","admin","","Users","","Users",""
"Amore's Ristorante","6fdf90ed-6c0c-17a5-b50b-537cff453251","","admin","1","05/21/2014 12:33 pm","05/21/2014 12:33 pm","1","1","0","","business_research_support","Trail","876 Rossland AvenueTrail, BC V1R 3N3","","V1R 3N3","B.C.","","","1","","","company","corporation","1","agriculture_fish_wildlife","","for_profit_organization_private","federal","Canada","amoresristorante@shaw.ca","","","admin","","Users","admin","","Users","","Users",""
"Urban Systems","700a7c57-31ee-3a37-cba5-537cffef3afa","","admin","1","05/21/2014 12:33 pm","05/21/2014 12:33 pm","1","1","0","","business_research_support","Nelson","204 Â 625 Front St. Nelson, BC V1L 4B6","","V1L 4B6","B.C.","250-352-9774","","1","","","company","corporation","1","agriculture_fish_wildlife","","for_profit_organization_private","federal","Canada","","","","admin","","Users","admin","","Users","","Users",""
"Lemon Creek Lodge","72e31dcb-079f-25a7-9de2-537cff8d0a1c","","admin","1","05/21/2014 12:33 pm","05/21/2014 12:33 pm","1","1","0","","business_research_support","Slocan","7680 Kennedy Road, Slocan BC V0G 2C0","","V0G 2C0","B.C.","250-355-2403","","1","","","company","corporation","1","agriculture_fish_wildlife","","for_profit_organization_private","federal","Canada","","","","admin","","Users","admin","","Users","","Users",""
"Castlegar Chamber of Commerce","7503ba30-0217-4927-3344-537cffb6a798","","admin","1","05/21/2014 12:33 pm","05/21/2014 12:33 pm","1","1","0","","business_research_support","Castlegar","1995 6 Ave, Castlegar, BC V1N 4W3","","V1N 4W3","B.C.","","","1","","","company","corporation","1","agriculture_fish_wildlife","","for_profit_organization_private","federal","Canada","","","","admin","","Users","admin","","Users","","Users",""
"Royal Coachman Campground","75a0eaa5-437f-0b63-a06f-537cffa1fc44","","admin","1","05/21/2014 12:33 pm","05/21/2014 12:33 pm","1","1","0","","business_research_support","Nakusp","1701 Hwy 23, Nakusp, B.C. V0G 1R0","","V0G 1R0","B.C.","250-265-4212","","1","","","company","corporation","1","agriculture_fish_wildlife","","for_profit_organization_private","federal","Canada","","","","admin","","Users","admin","","Users","","Users",""
"Olson Construction","7710c13f-0881-d54b-11e2-537cff0e6f72","","admin","1","05/21/2014 12:33 pm","05/21/2014 12:33 pm","1","1","0","","business_research_support","","","","","B.C.","250-344-0277","","1","","","company","corporation","1","agriculture_fish_wildlife","","for_profit_organization_private","federal","Canada","","","","admin","","Users","admin","","Users","","Users",""
"IPPI","77c19461-fbf6-56f7-130b-537cffe5f5c3","","admin","1","05/21/2014 12:33 pm","05/21/2014 12:33 pm","1","1","0","","business_research_support","Vancouver","3718 Oak Street Vancouver, BC V6H 2M3","","V6H 2M3","B.C.","778-984-5555","","1","","","company","corporation","1","agriculture_fish_wildlife","","for_profit_organization_private","federal","Canada","","","","admin","","Users","admin","","Users","","Users",""
"WL D-synz","77de2cce-9323-91d0-79c2-537cff03f854","","admin","1","05/21/2014 12:33 pm","05/21/2014 12:33 pm","1","1","0","","business_research_support","Castlegar","2628 10th Avenue, Castlegar BC V1N 3A2","","V1N 3A2","B.C.","","","1","","","company","corporation","1","agriculture_fish_wildlife","","for_profit_organization_private","federal","Canada","","","","admin","","Users","admin","","Users","","Users",""
"Creston Chamber of Commerce","78ef54b5-dab5-c68b-2bd9-537cff99ddb1","","admin","1","05/21/2014 12:33 pm","05/21/2014 12:33 pm","1","1","0","","business_research_support","Creston","121 NW Blvd., Hwy 3 Creston, BC V0B 1G0","","V0B 1G0","B.C.","250-428-4342","","1","","","company","corporation","1","agriculture_fish_wildlife","","for_profit_organization_private","federal","Canada","","","","admin","","Users","admin","","Users","","Users",""
"Redwood Engineering Ltd.","7b796ee7-cd5a-1437-e088-537cffc8bde1","","admin","1","05/21/2014 12:33 pm","05/21/2014 12:33 pm","1","1","0","","business_research_support","Trail","3120 Highway Drive Trail, BC V1R 2T3","","V1R 2T3","B.C.","250-364-1688","","1","","","company","corporation","1","agriculture_fish_wildlife","","for_profit_organization_private","federal","Canada","","","","admin","","Users","admin","","Users","","Users",""
"Ed Chernoff Photography","7c9c7686-adb5-9924-7c1f-537cff7fe896","","admin","1","05/21/2014 12:33 pm","05/21/2014 12:33 pm","1","1","0","","business_research_support","Castlegar","1057 Bridgeview CrescentCastlegar, BC V1N 4L1","","V1N 4L1","B.C.","","","1","","","company","corporation","1","agriculture_fish_wildlife","","for_profit_organization_private","federal","Canada","echernoff@shaw.ca","","","admin","","Users","admin","","Users","","Users",""
"Sunflower Inn Bed & Breakfast","7cb91d1f-1698-0bca-fa02-537cffc211c6","","admin","1","05/21/2014 12:33 pm","05/21/2014 12:33 pm","1","1","0","","business_research_support","Christina Lake","159 Alpine Road, Christina Lake","","","B.C.","250-447-6201","","1","","","company","corporation","1","agriculture_fish_wildlife","","for_profit_organization_private","federal","Canada","info@sunflowerinnbb.com","","","admin","","Users","admin","","Users","","Users",""
"Applied Industrial Technologies","7ffcca41-2c78-22a6-9934-537cff0a7698","","admin","1","05/21/2014 12:33 pm","05/21/2014 12:33 pm","1","1","0","","business_research_support","Castlegar","2237 6Th Ave. Castlegar, BC V1N 2W1","","V1N 2W1","B.C.","","","1","","","company","corporation","1","agriculture_fish_wildlife","","for_profit_organization_private","federal","Canada","","","","admin","","Users","admin","","Users","","Users",""
"Great Canadian Helli Skiing","800b1eb3-d06f-3ea3-6f32-537cff3fdb89","","admin","1","05/21/2014 12:33 pm","05/21/2014 12:33 pm","1","1","0","","business_research_support","Golden","P.O. Box 175 Golden, BC V0A 1H0","","V0A 1H0","B.C.","250-344-2326","","1","","","company","corporation","1","agriculture_fish_wildlife","","for_profit_organization_private","federal","Canada","","","","admin","","Users","admin","","Users","","Users",""
"Vallhalla Technologies","80663b5b-19e7-db22-c155-537cff3f4c0e","","admin","1","05/21/2014 12:33 pm","05/21/2014 12:33 pm","1","1","0","","business_research_support","","","","","B.C.","","","1","","","company","corporation","1","agriculture_fish_wildlife","","for_profit_organization_private","federal","Canada","","","","admin","","Users","admin","","Users","","Users",""
"Lisa's Lakeside Bistro","833edf44-79ec-fdf1-37a8-537cff8b8593","","admin","1","05/21/2014 12:33 pm","05/21/2014 12:33 pm","1","1","0","","business_research_support","Christina Lake","1675 Highway 3, Christina Lake","","","B.C.","250-447-6161","","1","","","company","corporation","1","agriculture_fish_wildlife","","for_profit_organization_private","federal","Canada","anorthernholiday@gmail.com","","","admin","","Users","admin","","Users","","Users",""
"Placedroid","83bb0535-b66b-b246-0f44-537cffd3d6c2","","admin","1","05/21/2014 12:33 pm","05/21/2014 12:33 pm","1","1","0","","business_research_support","Kimberley","Kimberley, BC","","","B.C.","403-333-3526","","1","","","company","corporation","1","agriculture_fish_wildlife","","for_profit_organization_private","federal","Canada","","","","admin","","Users","admin","","Users","","Users",""
"Cedarpoint rentals","855f7180-73e0-cff5-5b82-537cff7ae7ea","","admin","1","05/21/2014 12:33 pm","05/21/2014 12:33 pm","1","1","0","","business_research_support","Christina Lake","Box 332 2054 Lake Dr. Christina Lake","","","B.C.","","","1","","","company","corporation","1","agriculture_fish_wildlife","","for_profit_organization_private","federal","Canada","","","","admin","","Users","admin","","Users","","Users",""
"Royal Lepage Selkirk Realty","863b25cb-fc2a-7680-919b-537cff9db62a","","admin","1","05/21/2014 12:33 pm","05/21/2014 12:33 pm","1","1","0","","business_research_support","Nakusp","306 Broadway, Nakusp, B.C V0G 1R0","","V0G 1R0","B.C.","250-265-3635","","1","","","company","corporation","1","agriculture_fish_wildlife","","for_profit_organization_private","federal","Canada","","","","admin","","Users","admin","","Users","","Users",""
"Women's Journey To Fitness","8839e688-d0ba-1f9f-89a1-537cff3c0469","","admin","1","05/21/2014 12:33 pm","05/21/2014 12:33 pm","1","1","0","","business_research_support","Trail","1580 Lily StreetTrail, BC V1R 2S3","","V1R 2S3","B.C.","","","1","","","company","corporation","1","agriculture_fish_wildlife","","for_profit_organization_private","federal","Canada","womensjourney2fitness@yahoo.ca","","","admin","","Users","admin","","Users","","Users",""
"JBS Business Services","885bdb08-9b08-4b5f-949c-537cff454ba5","","admin","1","05/21/2014 12:33 pm","05/21/2014 12:33 pm","1","1","0","","business_research_support","Trail","778 Rossland Ave. Trail, BC V1R 3N3","","V1R 3N3","B.C.","250-364-2235","","1","","","company","corporation","1","agriculture_fish_wildlife","","for_profit_organization_private","federal","Canada","","","","admin","","Users","admin","","Users","","Users",""
"Wendy Phelan -no business","8888031a-7279-42bf-5547-537cffff1c11","","admin","1","05/21/2014 12:33 pm","05/21/2014 12:33 pm","1","1","0","","business_research_support","","Box 145 V0H 1E0","","V0H 1E0","B.C.","","","1","","","company","corporation","1","agriculture_fish_wildlife","","for_profit_organization_private","federal","Canada","","","","admin","","Users","admin","","Users","","Users",""
"Overland West Freightlines","88a50196-05ef-7b46-132a-537cff8b31cd","","admin","1","05/21/2014 12:33 pm","05/21/2014 12:33 pm","1","1","0","","business_research_support","Castlegar","1077 Columbia Road Castlegar, BC V1N 4K5","","V1N 4K5","B.C.","","","1","","","company","corporation","1","agriculture_fish_wildlife","","for_profit_organization_private","federal","Canada","","","","admin","","Users","admin","","Users","","Users",""
"Creston Golf Club","89c813c3-f6ee-8c7e-2782-537cffd3f3ec","","admin","1","05/21/2014 12:33 pm","05/21/2014 12:33 pm","1","1","0","","business_research_support","Creston","1800 Mallory Rd, Creston, BC V0B 1G2","","V0B 1G2","B.C.","250-428-5515","","1","","","company","corporation","1","agriculture_fish_wildlife","","for_profit_organization_private","federal","Canada","","","","admin","","Users","admin","","Users","","Users",""
"EMPAC Engineering Ltd.","8d36bc2b-6eec-7ff5-67fc-537cff2a89eb","","admin","1","05/21/2014 12:33 pm","05/21/2014 12:33 pm","1","1","0","","business_research_support","","","","","B.C.","","","1","","","company","corporation","1","agriculture_fish_wildlife","","for_profit_organization_private","federal","Canada","","","","admin","","Users","admin","","Users","","Users",""
"Sunrise Hideaway Cottage","8d535ffa-9f76-bbb9-2276-537cffe8d72a","","admin","1","05/21/2014 12:33 pm","05/21/2014 12:33 pm","1","1","0","","business_research_support","","1698 West Lake Drive","","","B.C.","","","1","","","company","corporation","1","agriculture_fish_wildlife","","for_profit_organization_private","federal","Canada","","","","admin","","Users","admin","","Users","","Users",""
"Greater Trail Community Skills Centre","90a55e9d-ee86-d79d-d46a-537cff0e453b","","admin","1","05/21/2014 12:33 pm","05/21/2014 12:33 pm","1","1","0","","business_research_support","Trail","123 - 1290 EsplanadeTrail, BC V1R 4T2","","V1R 4T2","B.C.","","","1","","","company","corporation","1","agriculture_fish_wildlife","","for_profit_organization_private","federal","Canada","kmolnar@communityskillscentre.com","","","admin","","Users","admin","","Users","","Users",""
"Arrow and Slocan Lakes Community Services","92c999ca-2806-f5cc-d53d-537cffcc8aa0","","admin","1","05/21/2014 12:33 pm","05/21/2014 12:33 pm","1","1","0","","business_research_support","Nakusp","205 6th Ave. NW, Nakusp B.C. V0G 1R0","","V0G 1R0","B.C.","250-265-3318","","1","","","company","corporation","1","agriculture_fish_wildlife","","for_profit_organization_private","federal","Canada","","","","admin","","Users","admin","","Users","","Users",""
"Lordco Parts Ltd.","93d90962-59ed-19a7-54e9-537cff0f202d","","admin","1","05/21/2014 12:33 pm","05/21/2014 12:33 pm","1","1","0","","business_research_support","Trail","845 Victoria St. Trail, BC V1R 3E3","","V1R 3E3","B.C.","","","1","","","company","corporation","1","agriculture_fish_wildlife","","for_profit_organization_private","federal","Canada","","","","admin","","Users","admin","","Users","","Users",""
"Morris Flowers Inc","95152ee1-ee42-851f-f65f-537cfff03e06","","admin","1","05/21/2014 12:33 pm","05/21/2014 12:33 pm","1","1","0","","business_research_support","Creston","1403 Erickson Rd RR 3, Creston, BC V0BÂ 1G3","","V0BÂ 1G3","B.C.","250-428-5262","","1","","","company","corporation","1","agriculture_fish_wildlife","","for_profit_organization_private","federal","Canada","","","","admin","","Users","admin","","Users","","Users",""
"Destiny Bay Store","95ec0e49-e407-83ae-5acd-537cffb5e21c","","admin","1","05/21/2014 12:33 pm","05/21/2014 12:33 pm","1","1","0","","business_research_support","Kitchener","104 Leadville Rd RR 1, Kitchener, BC V0BÂ 1W1","","V0BÂ 1W1","B.C.","250-428-5011","","1","","","company","corporation","1","agriculture_fish_wildlife","","for_profit_organization_private","federal","Canada","","","","admin","","Users","admin","","Users","","Users",""
"Central City Shoes / West Kootenay Social Enterprise Society","95f9b3b2-c58c-c09c-4595-537cffa4a5ff","","admin","1","05/21/2014 12:33 pm","05/21/2014 12:33 pm","1","1","0","","business_research_support","Nelson","359 Columbia Avenue, Castlegar BC V1N 1G6 / 532 Josephine St, Nelson BC V1L 1W6","","V1L 1W6","B.C.","250-365-0773","","1","","","company","corporation","1","agriculture_fish_wildlife","","for_profit_organization_private","federal","Canada","","","","admin","","Users","admin","","Users","","Users",""
"Secure By Design","9619e327-200e-30a9-598c-537cffbfe3c0","","admin","1","05/21/2014 12:33 pm","05/21/2014 12:33 pm","1","1","0","","business_research_support","Nelson","201 Â 625 Front St. Nelson, BC V1L 4B6","","V1L 4B6","B.C.","877-373-6121","","1","","","company","corporation","1","agriculture_fish_wildlife","","for_profit_organization_private","federal","Canada","","","","admin","","Users","admin","","Users","","Users",""
"Vanishing Falls B&B","971b0ea8-1dea-54c6-0a40-537cffec66c7","","admin","1","05/21/2014 12:33 pm","05/21/2014 12:33 pm","1","1","0","","business_research_support","Slocan Park","2935 Upper Slocan Park Road, RR1 Site 2 Comp 14, Slocan Park BC V0G 2E0","","V0G 2E0","B.C.","250-226-6929","","1","","","company","corporation","1","agriculture_fish_wildlife","","for_profit_organization_private","federal","Canada","","","","admin","","Users","admin","","Users","","Users",""
"Spearhead Timberworks","97b60584-2f30-d995-3509-537cffcd893e","","admin","1","05/21/2014 12:33 pm","05/21/2014 12:33 pm","1","1","0","","business_research_support","Nelson","4655 Highway 3A Nelson, BC V1L 6N3","","V1L 6N3","B.C.","","","1","","","company","corporation","1","agriculture_fish_wildlife","","for_profit_organization_private","federal","Canada","","","","admin","","Users","admin","","Users","","Users",""
"Woodnoteacres","9895a8bd-e9e0-8126-e9fd-537cffcbbb12","","admin","1","05/21/2014 12:33 pm","05/21/2014 12:33 pm","1","1","0","","business_research_support","Christina Lake","1408 Thompson Rd, Christina Lake","","","B.C.","403-330-6556","","1","","","company","corporation","1","agriculture_fish_wildlife","","for_profit_organization_private","federal","Canada","ibbotson_bob@yahoo.ca","","","admin","","Users","admin","","Users","","Users",""
"Journeywomen Ventures","98b789a9-f631-b374-5269-537cffafd08e","","admin","1","05/21/2014 12:33 pm","05/21/2014 12:33 pm","1","1","0","","business_research_support","","","","","B.C.","250-352-5320","","1","","","company","corporation","1","agriculture_fish_wildlife","","for_profit_organization_private","federal","Canada","","","","admin","","Users","admin","","Users","","Users",""
"Parklane motel and RV Park","993f46dc-394f-aa74-ad49-537cff4c861d","","admin","1","05/21/2014 12:33 pm","05/21/2014 12:33 pm","1","1","0","","business_research_support","Grand Forks","31 Kingsley Rd. Grand Forks BC V0H 1E0","","V0H 1E0","B.C.","","","1","","","company","corporation","1","agriculture_fish_wildlife","","for_profit_organization_private","federal","Canada","","","","admin","","Users","admin","","Users","","Users",""
"Creston Valley Bakery","9a625ecb-ec4e-3da4-b36a-537cff5196f9","","admin","1","05/21/2014 12:33 pm","05/21/2014 12:33 pm","1","1","0","","business_research_support","Creston","113 10 Ave N, Creston, BC V0B 1G2","","V0B 1G2","B.C.","250-428-2661","","1","","","company","corporation","1","agriculture_fish_wildlife","","for_profit_organization_private","federal","Canada","","","","admin","","Users","admin","","Users","","Users",""
"Excel Tire","9d9271f8-29ac-6835-2c14-537cffdd057b","","admin","1","05/21/2014 12:33 pm","05/21/2014 12:33 pm","1","1","0","","business_research_support","Revelstoke","722 S Highway 23, Revelstoke","","","B.C.","250-837-6181","","1","","","company","corporation","1","agriculture_fish_wildlife","","for_profit_organization_private","federal","Canada","","","","admin","","Users","admin","","Users","","Users",""
"Sweet Pea Arts","9e2c1f41-3f7a-5bb5-f9ef-537cfff4548e","","admin","1","05/21/2014 12:33 pm","05/21/2014 12:33 pm","1","1","0","","business_research_support","Nakusp","524 Kangaroo Trail, Nakusp, B.C. V0G 1R0","","V0G 1R0","B.C.","250-265-3054","","1","","","company","corporation","1","agriculture_fish_wildlife","","for_profit_organization_private","federal","Canada","","","","admin","","Users","admin","","Users","","Users",""
"Grizzly Books","a17e1f9c-6619-b1c7-7457-537cff644e44","","admin","1","05/21/2014 12:33 pm","05/21/2014 12:33 pm","1","1","0","","business_research_support","Revelstoke","208 Mackenzie, Revelstoke, BC V0E 2S0","","V0E 2S0","B.C.","","","1","","","company","corporation","1","agriculture_fish_wildlife","","for_profit_organization_private","federal","Canada","","","","admin","","Users","admin","","Users","","Users",""
"Ashland Training","a3255c61-6c41-6ddd-e4b2-537cffd27183","","admin","1","05/21/2014 12:33 pm","05/21/2014 12:33 pm","1","1","0","","business_research_support","Castlegar","1414 Columbia Ave. Castlegar, BC V1N 3K3","","V1N 3K3","B.C.","","","1","","","company","corporation","1","agriculture_fish_wildlife","","for_profit_organization_private","federal","Canada","","","","admin","","Users","admin","","Users","","Users",""
"Loss Creek Logging Ltd.","a434ca70-bad6-ee5d-b4a6-537cffcfb396","","admin","1","05/21/2014 12:33 pm","05/21/2014 12:33 pm","1","1","0","","business_research_support","Creston","2240 Highway 3A, Creston","","","B.C.","250-428-5964","","1","","","company","corporation","1","agriculture_fish_wildlife","","for_profit_organization_private","federal","Canada","loss.creek@shawbiz.ca","","","admin","","Users","admin","","Users","","Users",""
"Chantilly Bed and Bath","a693f9bf-890b-5d75-cd45-537cff03e643","","admin","1","05/21/2014 12:33 pm","05/21/2014 12:33 pm","1","1","0","","business_research_support","Revelstoke","215 MacKenzie Ave., Revelstoke, BC V0E 2S0","","V0E 2S0","B.C.","","","1","","","company","corporation","1","agriculture_fish_wildlife","","for_profit_organization_private","federal","Canada","chantilly@rctvonline.net","","","admin","","Users","admin","","Users","","Users",""
"Serenety Wellness and Spa","a6b428f6-3506-e677-6b19-537cffc98f2e","","admin","1","05/21/2014 12:33 pm","05/21/2014 12:33 pm","1","1","0","","business_research_support","","J-19 West Lake Dr","","","B.C.","1-877-707-80","","1","","","company","corporation","1","agriculture_fish_wildlife","","for_profit_organization_private","federal","Canada","","","","admin","","Users","admin","","Users","","Users",""
"Vic Van Isle Construction","a7b544a2-f338-0ecd-5ddd-537cff010627","","admin","1","05/21/2014 12:33 pm","05/21/2014 12:33 pm","1","1","0","","business_research_support","Revelstoke","Box 2988, Revelstoke, BC V0E 2S0","","V0E 2S0","B.C.","","","1","","","company","corporation","1","agriculture_fish_wildlife","","for_profit_organization_private","federal","Canada","","","","admin","","Users","admin","","Users","","Users",""
"WSA Engineering","a92fe69a-29a6-afaf-df68-537cffa4adcd","","admin","1","05/21/2014 12:33 pm","05/21/2014 12:33 pm","1","1","0","","business_research_support","Castlegar","2248 Columbia Ave. Castlegar, BC V1N 2X1","","V1N 2X1","B.C.","250-365-3696","","1","","","company","corporation","1","agriculture_fish_wildlife","","for_profit_organization_private","federal","Canada","","","","admin","","Users","admin","","Users","","Users",""
"Parks Canada","a99b0cd7-6ef3-c4cc-8ca1-537cff242103","","admin","1","05/21/2014 12:33 pm","05/21/2014 12:33 pm","1","1","0","","business_research_support","Revelstoke","PO Box 350, Revelstoke, BC V90E 2S0","","V90E 2S0","B.C.","","","1","","","company","corporation","1","agriculture_fish_wildlife","","for_profit_organization_private","federal","Canada","","","","admin","","Users","admin","","Users","","Users",""
"D & D Service Centre & Storage Ltd.","aa7f905e-1ee8-176f-31dd-537cff521827","","admin","1","05/21/2014 12:33 pm","05/21/2014 12:33 pm","1","1","0","","business_research_support","Christina Lake","1648 Maida Frontage Rd. Box 49, Christina Lake","","","B.C.","250-447-9337","","1","","","company","corporation","1","agriculture_fish_wildlife","","for_profit_organization_private","federal","Canada","info@ddservicecentre.com","","","admin","","Users","admin","","Users","","Users",""
"Mountain Baby","ac857d1a-bb62-f40d-f089-537cff9e4f97","","admin","1","05/21/2014 12:33 pm","05/21/2014 12:33 pm","1","1","0","","business_research_support","Nelson","636 Baker Street, Nelson, BC","","","B.C.","250.352.1789","","1","","","company","corporation","1","agriculture_fish_wildlife","","for_profit_organization_private","federal","Canada","","","","admin","","Users","admin","","Users","","Users",""
"Fireside Inn","adee3c88-737a-6c87-5602-537cff558f5e","","admin","1","05/21/2014 12:33 pm","05/21/2014 12:33 pm","1","1","0","","business_research_support","Castlegar","1810 8th Avenue, Castlegar BC V1N 2Y2","","V1N 2Y2","B.C.","250-365-2128","","1","","","company","corporation","1","agriculture_fish_wildlife","","for_profit_organization_private","federal","Canada","","","","admin","","Users","admin","","Users","","Users",""
"Tabletree Enterprises","ae495375-1752-efa4-90d0-537cff6ff0c4","","admin","1","05/21/2014 12:33 pm","05/21/2014 12:33 pm","1","1","0","","business_research_support","Creston","3020 Erickson Rd, Creston, BC, V0B 1G1","","V0B 1G1","B.C.","1-250-428-24","","1","","","company","corporation","1","agriculture_fish_wildlife","","for_profit_organization_private","federal","Canada","snowz@shaw.ca","","","admin","","Users","admin","","Users","","Users",""
"K. H. Consulting","b19ee6c0-e0e0-7916-f03c-537cff14ab30","","admin","1","05/21/2014 12:33 pm","05/21/2014 12:33 pm","1","1","0","","business_research_support","Nelson","320 Vernon St. Nelson, BC V1L 4E4","","V1L 4E4","B.C.","250-352-5371","","1","","","company","corporation","1","agriculture_fish_wildlife","","for_profit_organization_private","federal","Canada","","","","admin","","Users","admin","","Users","","Users",""
"Hacienda Inn","b2185870-53fb-3b7a-a265-537cff6358cc","","admin","1","05/21/2014 12:33 pm","05/21/2014 12:33 pm","1","1","0","","business_research_support","Creston","800 NW Blvd. Creston BC, V0B 1G4","","V0B 1G4","B.C.","1-800-567-22","","1","","","company","corporation","1","agriculture_fish_wildlife","","for_profit_organization_private","federal","Canada","","","","admin","","Users","admin","","Users","","Users",""
"ATCO  Wood Products","b3bf91bc-c360-1207-8eb8-537cffd550d0","","admin","1","05/21/2014 12:33 pm","05/21/2014 12:33 pm","1","1","0","","business_research_support","Fruitvale","P. O. Box 460 Fruitvale, BC V0G 1L0","","V0G 1L0","B.C.","","","1","","","company","corporation","1","agriculture_fish_wildlife","","for_profit_organization_private","federal","Canada","","","","admin","","Users","admin","","Users","","Users",""
"Maggies Mug","b4cf0014-86dc-04e0-47ab-537cffa6013d","","admin","1","05/21/2014 12:33 pm","05/21/2014 12:33 pm","1","1","0","","business_research_support","Castlegar","502 Columbia Avenue, Castlegar BC V1N 1G7","","V1N 1G7","B.C.","250-304-4447","","1","","","company","corporation","1","agriculture_fish_wildlife","","for_profit_organization_private","federal","Canada","","","","admin","","Users","admin","","Users","","Users",""
"Shoesmith Enterprises","b70fd41a-aeb9-c542-ba86-537cffcf461d","","admin","1","05/21/2014 12:33 pm","05/21/2014 12:33 pm","1","1","0","","business_research_support","","","","","B.C.","","","1","","","company","corporation","1","agriculture_fish_wildlife","","for_profit_organization_private","federal","Canada","","","","admin","","Users","admin","","Users","","Users",""
"Cherrybrook Farms","b72e33f3-81a6-93da-7da0-537cff55787d","","admin","1","05/21/2014 12:33 pm","05/21/2014 12:33 pm","1","1","0","","business_research_support","Creston","2931 Highway 3, Creston","","","B.C.","250-428-3070","","1","","","company","corporation","1","agriculture_fish_wildlife","","for_profit_organization_private","federal","Canada","cmartin@cherrybrookfarms.ca","","","admin","","Users","admin","","Users","","Users",""
"Vicom Design Inc.","b8cc893e-f855-978a-17d3-537cff73f1e5","","admin","1","05/21/2014 12:33 pm","05/21/2014 12:33 pm","1","1","0","","business_research_support","Grand Forks","1020 Carson Rd. Grand Forks BC","","","B.C.","250-442-3731","","1","","","company","corporation","1","agriculture_fish_wildlife","","for_profit_organization_private","federal","Canada","brian@vicomdesign.com","","","admin","","Users","admin","","Users","","Users",""
"Wynndel Lumber","b98ba2cd-1748-2b63-8609-537cffb7ce38","","admin","1","05/21/2014 12:33 pm","05/21/2014 12:33 pm","1","1","0","","business_research_support","Wynndel","1140 Winlaw Rd, RR 1 Wynndel, BC V0B 2N1","","V0B 2N1","B.C.","877-898-5266","","1","","","company","corporation","1","agriculture_fish_wildlife","","for_profit_organization_private","federal","Canada","","","","admin","","Users","admin","","Users","","Users",""
"Pass Creek B&B","ba354427-ac3b-e330-a094-537cfffb1385","","admin","1","05/21/2014 12:33 pm","05/21/2014 12:33 pm","1","1","0","","business_research_support","Castlegar","2402 Upper Gibson Road, Castlegar BC V1N 4S7","","V1N 4S7","B.C.","","","1","","","company","corporation","1","agriculture_fish_wildlife","","for_profit_organization_private","federal","Canada","","","","admin","","Users","admin","","Users","","Users",""
"David Nixon Studio","bb19d1e4-2a86-d8a3-7b46-537cffd97030","","admin","1","05/21/2014 12:33 pm","05/21/2014 12:33 pm","1","1","0","","business_research_support","Nakusp","Hwy 6, Nakusp, B.C. V0G 1R0","","V0G 1R0","B.C.","250-265-4973","","1","","","company","corporation","1","agriculture_fish_wildlife","","for_profit_organization_private","federal","Canada","","","","admin","","Users","admin","","Users","","Users",""
"Mountain Valley Farms","bd5e3b88-9a9c-fe5c-6de8-537cff6c59e5","","admin","1","05/21/2014 12:33 pm","05/21/2014 12:33 pm","1","1","0","","business_research_support","Nakusp","1209 Hwy 6, Nakusp, B.C. V0G 1R1","","V0G 1R1","B.C.","250-265-8265","","1","","","company","corporation","1","agriculture_fish_wildlife","","for_profit_organization_private","federal","Canada","","","","admin","","Users","admin","","Users","","Users",""
"Food Action Coalition","bec6f49e-ebe1-6b26-c58d-537cff228bf4","","admin","1","05/21/2014 12:33 pm","05/21/2014 12:33 pm","1","1","0","","business_research_support","Creston","PO Box 1978, Creston, BC, Canada, V0B 1G0","","V0B 1G0","B.C.","","","1","","","company","corporation","1","agriculture_fish_wildlife","","for_profit_organization_private","federal","Canada","","","","admin","","Users","admin","","Users","","Users",""
"Teeks Enterprise Corporation","bee39f7d-7a0a-2f8d-168e-537cff4e513f","","admin","1","05/21/2014 12:33 pm","05/21/2014 12:33 pm","1","1","0","","business_research_support","Christina Lake","1966 Tambellini Rd Christina Lake V0H 1E2","","V0H 1E2","B.C.","","","1","","","company","corporation","1","agriculture_fish_wildlife","","for_profit_organization_private","federal","Canada","","","","admin","","Users","admin","","Users","","Users",""
"Kalesnikoff Lumber Corporation Ltd.","c1faa518-a7d2-5a46-1819-537cff4070a4","","admin","1","05/21/2014 12:33 pm","05/21/2014 12:33 pm","1","1","0","","business_research_support","Thrums","P.O. Box 3000 Thrums, BC V1N 3L8","","V1N 3L8","B.C.","250-505-6136","","1","","","company","corporation","1","agriculture_fish_wildlife","","for_profit_organization_private","federal","Canada","grant@gmkf.ca","","","admin","","Users","admin","","Users","","Users",""
"Hall Printing","c2b295d4-baa5-4dc2-1ebb-537cff445d3c","","admin","1","05/21/2014 12:33 pm","05/21/2014 12:33 pm","1","1","0","","business_research_support","Trail","815 Victoria St. Trail, BC V1R 3T3","","V1R 3T3","B.C.","250-364-2300","","1","","","company","corporation","1","agriculture_fish_wildlife","","for_profit_organization_private","federal","Canada","","","","admin","","Users","admin","","Users","","Users",""
"Baillie-Grohman Wineries","c459dfab-d64a-28b5-ea5c-537cff3c8517","","admin","1","05/21/2014 12:33 pm","05/21/2014 12:33 pm","1","1","0","","business_research_support","Creston","1140 27th Ave South, Creston, BC, V0B 1G1","","V0B 1G1","B.C.","1-250-428-87","","1","","","company","corporation","1","agriculture_fish_wildlife","","for_profit_organization_private","federal","Canada","","","","admin","","Users","admin","","Users","","Users",""
"Mary Searchfield Consulting","c5694401-7142-6e7d-09eb-537cffd8ac03","","admin","1","05/21/2014 12:33 pm","05/21/2014 12:33 pm","1","1","0","","business_research_support","Nelson","619 Wasson St., Nelson, BC, V1L3G5","","V1L 3G5","B.C.","250-354-4231","","1","","","company","corporation","1","agriculture_fish_wildlife","","for_profit_organization_private","federal","Canada","","","","admin","","Users","admin","","Users","","Users",""
"Christina Gateway Community Development Association","c789f59a-4e24-bae1-1894-537cff90a779","","admin","1","05/21/2014 12:33 pm","05/21/2014 12:33 pm","1","1","0","","business_research_support","Christina Lake","1675 Highway 3, Christina Lake","","","B.C.","250-447-6161","","1","","","company","corporation","1","agriculture_fish_wildlife","","for_profit_organization_private","federal","Canada","coordinator@gmail.com","","","admin","","Users","admin","","Users","","Users",""
"Shon's Bikes","c7e899c7-35b7-a4dc-998d-537cffaf8767","","admin","1","05/21/2014 12:33 pm","05/21/2014 12:33 pm","1","1","0","","business_research_support","Nakusp","94 4th Ave, Nakusp B.C. V0G 1R0","","V0G 1R0","B.C.","250-265-8707","","1","","","company","corporation","1","agriculture_fish_wildlife","","for_profit_organization_private","federal","Canada","","","","admin","","Users","admin","","Users","","Users",""
"Gateway Inn","c8ee0bfc-0973-7881-f3d2-537cfff7842a","","admin","1","05/21/2014 12:33 pm","05/21/2014 12:33 pm","1","1","0","","business_research_support","Revelstoke","1500 1st St. W., Revelstoke, BC V0E 2S0","","V0E 2S0","B.C.","","","1","","","company","corporation","1","agriculture_fish_wildlife","","for_profit_organization_private","federal","Canada","refdspa@telus.net","","","admin","","Users","admin","","Users","","Users",""
"XL Quality","ca25eb1a-ce83-f6b4-043f-537cff4145ee","","admin","1","05/21/2014 12:33 pm","05/21/2014 12:33 pm","1","1","0","","business_research_support","Trail","15 Park Rd Trail BC V1R 4X7","","V1R 4X7","B.C.","250-367-6577","","1","","","company","corporation","1","agriculture_fish_wildlife","","for_profit_organization_private","federal","Canada","","","","admin","","Users","admin","","Users","","Users",""
"Performance Fitness","cacf8aa2-3d4c-a3f0-db24-537cff421bd2","","admin","1","05/21/2014 12:33 pm","05/21/2014 12:33 pm","1","1","0","","business_research_support","Trail","1102 Birch AvenueTrail, BC V1R 4K5","","V1R 4K5","B.C.","","","1","","","company","corporation","1","agriculture_fish_wildlife","","for_profit_organization_private","federal","Canada","pfgym@telus.net","","","admin","","Users","admin","","Users","","Users",""
"Wanaskawan Beads","caddd5fb-d8f9-8334-c9f3-537cff372416","","admin","1","05/21/2014 12:33 pm","05/21/2014 12:33 pm","1","1","0","","business_research_support","Nakusp","Box 594, Nakusp, B.C. V0G 1R0","","V0G 1R0","B.C.","250-265-4359","","1","","","company","corporation","1","agriculture_fish_wildlife","","for_profit_organization_private","federal","Canada","","","","admin","","Users","admin","","Users","","Users",""
"Davis Design Incorp.","cb759fcb-89d6-ce2f-20dd-537cffd24ce9","","admin","1","05/21/2014 12:33 pm","05/21/2014 12:33 pm","1","1","0","","business_research_support","","","","","B.C.","","","1","","","company","corporation","1","agriculture_fish_wildlife","","for_profit_organization_private","federal","Canada","","","","admin","","Users","admin","","Users","","Users",""
"Nakusp Public Library","cdbb0ea9-b3dc-1c1c-7a0f-537cfffccf04","","admin","1","05/21/2014 12:33 pm","05/21/2014 12:33 pm","1","1","0","","business_research_support","Nakusp","92 6th Ave. NW, Nakusp V0G 1R0","","V0G 1R0","B.C.","250-265-3363","","1","","","company","corporation","1","agriculture_fish_wildlife","","for_profit_organization_private","federal","Canada","","","","admin","","Users","admin","","Users","","Users",""
"TOXCO","cea007ad-3dbf-a895-90c9-537cffa6ed20","","admin","1","05/21/2014 12:33 pm","05/21/2014 12:33 pm","1","1","0","","business_research_support","Fruitvale","9384 Old Waneta Rd. Fruitvale, BC V0G 1L0","","V0G 1L0","B.C.","","","1","","","company","corporation","1","agriculture_fish_wildlife","","for_profit_organization_private","federal","Canada","","","","admin","","Users","admin","","Users","","Users",""
"Free Spirit Sports","cee43399-d871-a227-b66a-537cff803543","","admin","1","05/21/2014 12:33 pm","05/21/2014 12:33 pm","1","1","0","","business_research_support","Revelstoke","203 W 1st Street, Revelstoke","","","B.C.","","","1","","","company","corporation","1","agriculture_fish_wildlife","","for_profit_organization_private","federal","Canada","","","","admin","","Users","admin","","Users","","Users",""
"The Cabin","cf7dc593-45bb-58db-99b2-537cff928ab5","","admin","1","05/21/2014 12:33 pm","05/21/2014 12:33 pm","1","1","0","","business_research_support","Revelstoke","200 1st St. E., Revelstoke, BV V0E 2S0","","V0E 2S0","B.C.","","","1","","","company","corporation","1","agriculture_fish_wildlife","","for_profit_organization_private","federal","Canada","info@cometothecabin.com","","","admin","","Users","admin","","Users","","Users",""
"Kettle Valley Waste","d2d36835-f997-9ac6-ec4a-537cff9cfc14","","admin","1","05/21/2014 12:33 pm","05/21/2014 12:33 pm","1","1","0","","business_research_support","Christina Lake","2065 Haaglund Rd Christina Lake","","","B.C.","","","1","","","company","corporation","1","agriculture_fish_wildlife","","for_profit_organization_private","federal","Canada","","","","admin","","Users","admin","","Users","","Users",""
"Hamling Lakes Contracting","d30e520d-faf3-4373-7129-537cffee9373","","admin","1","05/21/2014 12:33 pm","05/21/2014 12:33 pm","1","1","0","","business_research_support","Nakusp","94 - 1st Ave SW, Nakusp V0G 1R0","","V0G 1R0","B.C.","250-265-3322","","1","","","company","corporation","1","agriculture_fish_wildlife","","for_profit_organization_private","federal","Canada","","","","admin","","Users","admin","","Users","","Users",""
"Bartlett Excavating","d4b58ab5-d830-f593-3938-537cff5fd310","","admin","1","05/21/2014 12:33 pm","05/21/2014 12:33 pm","1","1","0","","business_research_support","Christina Lake","1846 Highway 3, Christina Lake","","","B.C.","250-447-9389","","1","","","company","corporation","1","agriculture_fish_wildlife","","for_profit_organization_private","federal","Canada","info@bartlettexcavating.com","","","admin","","Users","admin","","Users","","Users",""
"Masse Environmental Consultants","d5c504ee-1666-2ac7-a3d1-537cff613580","","admin","1","05/21/2014 12:33 pm","05/21/2014 12:33 pm","1","1","0","","business_research_support","Nelson","812 Vernon Street, Nelson","","","B.C.","250-505-3790","","1","","","company","corporation","1","agriculture_fish_wildlife","","for_profit_organization_private","federal","Canada","sylvie@masseenvironmental.com","","","admin","","Users","admin","","Users","","Users",""
"Christina Lake Golf Club","d82428c2-ead9-1048-43a2-537cffaf0196","","admin","1","05/21/2014 12:33 pm","05/21/2014 12:33 pm","1","1","0","","business_research_support","Christina Lake","box 611 Christina Lake V0H 1E9","","V0H 1E9","B.C.","","","1","","","company","corporation","1","agriculture_fish_wildlife","","for_profit_organization_private","federal","Canada","","","","admin","","Users","admin","","Users","","Users",""
"Pine Profiles Inc.","db2b4709-579a-3c2e-ccc3-537cff0c70a3","","admin","1","05/21/2014 12:33 pm","05/21/2014 12:33 pm","1","1","0","","business_research_support","Creston","515 Davis Drive, Creston","","","B.C.","250-428-0178","","1","","","company","corporation","1","agriculture_fish_wildlife","","for_profit_organization_private","federal","Canada","info@pineprofiles.net","","","admin","","Users","admin","","Users","","Users",""
"Warehouse Pizza","db398a53-5f29-a5cc-4904-537cff7ae175","","admin","1","05/21/2014 12:33 pm","05/21/2014 12:33 pm","1","1","0","","business_research_support","Creston","1335 Northwest Blvd RR 6, Creston, BC V0BÂ 1G6","","V0BÂ 1G6","B.C.","250-428-0069","","1","","","company","corporation","1","agriculture_fish_wildlife","","for_profit_organization_private","federal","Canada","","","","admin","","Users","admin","","Users","","Users",""
"DBS Energy","dc4e53ca-c3f3-5d43-9e3e-537cff468bf9","","admin","1","05/21/2014 12:33 pm","05/21/2014 12:33 pm","1","1","0","","business_research_support","Trail","1490 Cedar Ave. Trail, BC V1R 4C4","","V1R 4C4","B.C.","250-364-9905","","1","","","company","corporation","1","agriculture_fish_wildlife","","for_profit_organization_private","federal","Canada","","","","admin","","Users","admin","","Users","","Users",""
"Skimmerhorn Winery","dc6aedf2-4c9c-90b4-8a5b-537cffff1dac","","admin","1","05/21/2014 12:33 pm","05/21/2014 12:33 pm","1","1","0","","business_research_support","Creston","1218- 27th ave S, Creston, BC, V0G 1G1","","V0G 1G1","B.C.","1-250-428-87","","1","","","company","corporation","1","agriculture_fish_wildlife","","for_profit_organization_private","federal","Canada","wine@skimmerhorn.ca","","","admin","","Users","admin","","Users","","Users",""
"From The Hearth Bakery","df7e725f-a4b9-290e-84e1-537cff3214ab","","admin","1","05/21/2014 12:33 pm","05/21/2014 12:33 pm","1","1","0","","business_research_support","Christina Lake","6 Johnson Road, Christina Lake","","","B.C.","250-447-6195","","1","","","company","corporation","1","agriculture_fish_wildlife","","for_profit_organization_private","federal","Canada","fthbakery@shaw.ca","","","admin","","Users","admin","","Users","","Users",""
"The Music Store","dfd98c5b-34bb-7bf1-47e2-537cfff0f0c0","","admin","1","05/21/2014 12:33 pm","05/21/2014 12:33 pm","1","1","0","","business_research_support","Nelson","580 Baker St. Nelson, BC","","","B.C.","","","1","","","company","corporation","1","agriculture_fish_wildlife","","for_profit_organization_private","federal","Canada","","","","admin","","Users","admin","","Users","","Users",""
"Nakusp & Area Community Forest","e009b81d-5857-a842-35e3-537cffff201e","","admin","1","05/21/2014 12:33 pm","05/21/2014 12:33 pm","1","1","0","","business_research_support","Nakusp","Box 925, Nakusp, BC, V0G1R0","","V0G 1R0","B.C.","250-265-3656","","1","","","company","corporation","1","agriculture_fish_wildlife","","for_profit_organization_private","federal","Canada","f.swan@truenorthforestry.com","","","admin","","Users","admin","","Users","","Users",""
"King Creek Farm","e2f0ac4d-77fb-1c5a-fe43-537cffae4942","","admin","1","05/21/2014 12:33 pm","05/21/2014 12:33 pm","1","1","0","","business_research_support","Creston","732 Wilson Road, Creston","","","B.C.","250-977-5362","","1","","","company","corporation","1","agriculture_fish_wildlife","","for_profit_organization_private","federal","Canada","comer.jen@gmail.com","","","admin","","Users","admin","","Users","","Users",""
"Harvest Share","e3a89bdf-d4e2-d32b-667d-537cffa021e3","","admin","1","05/21/2014 12:33 pm","05/21/2014 12:33 pm","1","1","0","","business_research_support","Creston","121 Northwest Blvd. Creston BC, V0B 1G0","","V0B 1G0","B.C.","","","1","","","company","corporation","1","agriculture_fish_wildlife","","for_profit_organization_private","federal","Canada","","","","admin","","Users","admin","","Users","","Users",""
"Battersby Plumbing","e54fc565-19d1-5b9f-4583-537cff34c1a9","","admin","1","05/21/2014 12:33 pm","05/21/2014 12:33 pm","1","1","0","","business_research_support","Revelstoke","520 W 2nd Street, Revelstoke, BC V0E 2S0","","V0E 2S0","B.C.","","","1","","","company","corporation","1","agriculture_fish_wildlife","","for_profit_organization_private","federal","Canada","","","","admin","","Users","admin","","Users","","Users",""
"Matthes Building Design","e65f4329-e534-1154-5dae-537cffa5ea67","","admin","1","05/21/2014 12:33 pm","05/21/2014 12:33 pm","1","1","0","","business_research_support","","","","","B.C.","","","1","","","company","corporation","1","agriculture_fish_wildlife","","for_profit_organization_private","federal","Canada","","","","admin","","Users","admin","","Users","","Users",""
"Christina Lake Marina","e8be64da-6fcf-2ab6-9368-537cff8dedd8","","admin","1","05/21/2014 12:33 pm","05/21/2014 12:33 pm","1","1","0","","business_research_support","Christina Lake","173 Larson Road, Christina Lake","","","B.C.","250-447-6122","","1","","","company","corporation","1","agriculture_fish_wildlife","","for_profit_organization_private","federal","Canada","info@christinalakemarina.com","","","admin","","Users","admin","","Users","","Users",""
"Pinnacle Ecological Services","ebc57295-8a3c-2187-8760-537cff6511ea","","admin","1","05/21/2014 12:33 pm","05/21/2014 12:33 pm","1","1","0","","business_research_support","","Pinnacle Econological Services","","","B.C.","250-203-2730","","1","","","company","corporation","1","agriculture_fish_wildlife","","for_profit_organization_private","federal","Canada","","","","admin","","Users","admin","","Users","","Users",""
"Webber's Mountainside Cherries","ec50c9e6-00b0-b897-297f-537cff1245ee","","admin","1","05/21/2014 12:33 pm","05/21/2014 12:33 pm","1","1","0","","business_research_support","Wynndel","5238 Bossio Rd Wynndel, BC, V0B 2N1","","V0B 2N1","B.C.","250-866-5573","","1","","","company","corporation","1","agriculture_fish_wildlife","","for_profit_organization_private","federal","Canada","","","","admin","","Users","admin","","Users","","Users",""
"Design Nine","ecaa0c16-b60e-6180-b2ba-537cff91a709","","admin","1","05/21/2014 12:33 pm","05/21/2014 12:33 pm","1","1","0","","business_research_support","","","","","B.C.","250-354-3959","","1","","","company","corporation","1","agriculture_fish_wildlife","","for_profit_organization_private","federal","Canada","","","","admin","","Users","admin","","Users","","Users",""
"SNT Engineering","ecc6a044-fe3f-7929-03e3-537cff59dcf1","","admin","1","05/21/2014 12:33 pm","05/21/2014 12:33 pm","1","1","0","","business_research_support","Nelson","3 - 385 Baker St. Nelson, BC","","","B.C.","","","1","","","company","corporation","1","agriculture_fish_wildlife","","for_profit_organization_private","federal","Canada","","","","admin","","Users","admin","","Users","","Users",""
"Galenatech Consulting","f018aa59-841e-f180-61d6-537cff766272","","admin","1","05/21/2014 12:33 pm","05/21/2014 12:33 pm","1","1","0","","business_research_support","Fauquier","Fauquier, B.C. V0G 1K0","","V0G 1K0","B.C.","250-269-7585","","1","","","company","corporation","1","agriculture_fish_wildlife","","for_profit_organization_private","federal","Canada","","","","admin","","Users","admin","","Users","","Users",""
"Touchstone GIS Services Inc.","f073c657-d0b5-85de-13fd-537cffe29f1b","","admin","1","05/21/2014 12:33 pm","05/21/2014 12:33 pm","1","1","0","","business_research_support","Nelson","310 6th Street, Nelson","","","B.C.","250-505-5284","","1","","","company","corporation","1","agriculture_fish_wildlife","","for_profit_organization_private","federal","Canada","k_mcguinness@touchstonegis.com","","","admin","","Users","admin","","Users","","Users",""
"Nakusp Chamber of Commerce","f0a3fc91-95fa-4a4a-d318-537cff3ebbd9","","admin","1","05/21/2014 12:33 pm","05/21/2014 12:33 pm","1","1","0","","business_research_support","Nakusp","92-6th Ave. NW Nakusp BC V0G 1R0","","V0G 1R0","B.C.","250-265-4234","","1","","","company","corporation","1","agriculture_fish_wildlife","","for_profit_organization_private","federal","Canada","","","","admin","","Users","admin","","Users","","Users",""
"sdfgsfg","f25baf31-b8eb-f9a8-dc09-537cccfc2667","","","","05/21/2014 08:54 am","05/21/2014 11:42 am","1","1","0","46c91376-be8c-e435-4a7e-5378be0b2fe3","business_research_support","","","","","","","","1","http://","","company","corporation","1","agriculture_fish_wildlife","0","for_profit_organization_private","federal","Canada","","","","admin","","Users","admin","","Users","","Users",""
"Kodiak Measurement Services Inc.","f38aee49-5843-4f13-9d5d-537cffcb8324","","admin","1","05/21/2014 12:33 pm","05/21/2014 12:33 pm","1","1","0","","business_research_support","Nelson","PO Box 192, Nelson, BC V1L 5P9","","V1L 5P9","B.C.","250-354-0330","","1","","","company","corporation","1","agriculture_fish_wildlife","","for_profit_organization_private","federal","Canada","","","","admin","","Users","admin","","Users","","Users",""
"Helen Lutz Consulting","f40454f6-e250-6fb8-5312-537cff500daa","","admin","1","05/21/2014 12:33 pm","05/21/2014 12:33 pm","1","1","0","","business_research_support","Nelson","604 Wasson St, Nelson, BC V1L 3G5","","V1L 3G5","B.C.","250-352-6654","","1","","","company","corporation","1","agriculture_fish_wildlife","","for_profit_organization_private","federal","Canada","","","","admin","","Users","admin","","Users","","Users",""
